gala,course,gender,distance,stroke,age,isCatchAllYoung,isCatchAllOld,time
SANS,LCM,F,50,FREE,,false,false,27:32
SANS,LCM,F,100,FREE,,false,false,59:84
SANS,LCM,F,200,FREE,,false,false,2:09:89
SANS,LCM,F,400,FREE,,false,false,4:33:89
SANS,LCM,F,800,FREE,,false,false,9:26:23
SANS,LCM,F,1500,FREE,,false,false,17:56:59
SANS,LCM,F,50,BACK,,false,false,31:41
SANS,LCM,F,100,BACK,,false,false,1:06:81
SANS,LCM,F,200,BACK,,false,false,2:24:02
SANS,LCM,F,50,BREAST,,false,false,34:10
SANS,LCM,F,100,BREAST,,false,false,1:15:00
SANS,LCM,F,200,BREAST,,false,false,2:40:87
SANS,LCM,F,50,FLY,,false,false,28:57
SANS,LCM,F,100,FLY,,false,false,1:03:86
SANS,LCM,F,200,FLY,,false,false,2:22:46
SANS,LCM,F,200,IM,,false,false,2:27:01
SANS,LCM,F,400,IM,,false,false,5:08:36
SANS,LCM,M,50,FREE,,false,false,24:20
SANS,LCM,M,100,FREE,,false,false,53:70
SANS,LCM,M,200,FREE,,false,false,1:58:05
SANS,LCM,M,400,FREE,,false,false,4:17:26
SANS,LCM,M,800,FREE,,false,false,8:48:80
SANS,LCM,M,1500,FREE,,false,false,16:58:34
SANS,LCM,M,50,BACK,,false,false,27:54
SANS,LCM,M,100,BACK,,false,false,1:00:35
SANS,LCM,M,200,BACK,,false,false,2:10:90
SANS,LCM,M,50,BREAST,,false,false,30:35
SANS,LCM,M,100,BREAST,,false,false,1:06:52
SANS,LCM,M,200,BREAST,,false,false,2:26:76
SANS,LCM,M,50,FLY,,false,false,26:04
SANS,LCM,M,100,FLY,,false,false,57:83
SANS,LCM,M,200,FLY,,false,false,2:09:05
SANS,LCM,M,200,IM,,false,false,2:11:80
SANS,LCM,M,400,IM,,false,false,4:43:62
SANS,SCM,F,50,FREE,,false,false,26:52
SANS,SCM,F,100,FREE,,false,false,58:24
SANS,SCM,F,200,FREE,,false,false,2:06:69
SANS,SCM,F,400,FREE,,false,false,4:27:49
SANS,SCM,F,800,FREE,,false,false,9:13:43
SANS,SCM,F,1500,FREE,,false,false,17:32:59
SANS,SCM,F,50,BACK,,false,false,30:81
SANS,SCM,F,100,BACK,,false,false,1:05:61
SANS,SCM,F,200,BACK,,false,false,2:21:62
SANS,SCM,F,50,BREAST,,false,false,33:10
SANS,SCM,F,100,BREAST,,false,false,1:13:00
SANS,SCM,F,200,BREAST,,false,false,2:36:87
SANS,SCM,F,50,FLY,,false,false,27:87
SANS,SCM,F,100,FLY,,false,false,1:02:46
SANS,SCM,F,200,FLY,,false,false,2:19:66
SANS,SCM,F,200,IM,,false,false,2:23:81
SANS,SCM,F,400,IM,,false,false,5:01:96
SANS,SCM,M,50,FREE,,false,false,23:40
SANS,SCM,M,100,FREE,,false,false,52:10
SANS,SCM,M,200,FREE,,false,false,1:54:85
SANS,SCM,M,400,FREE,,false,false,4:10:86
SANS,SCM,M,800,FREE,,false,false,8:36:00
SANS,SCM,M,1500,FREE,,false,false,16:34:34
SANS,SCM,M,50,BACK,,false,false,26:94
SANS,SCM,M,100,BACK,,false,false,59:15
SANS,SCM,M,200,BACK,,false,false,2:08:50
SANS,SCM,M,50,BREAST,,false,false,29:35
SANS,SCM,M,100,BREAST,,false,false,1:04:52
SANS,SCM,M,200,BREAST,,false,false,2:22:76
SANS,SCM,M,50,FLY,,false,false,25:34
SANS,SCM,M,100,FLY,,false,false,56:43
SANS,SCM,M,200,FLY,,false,false,2:06:25
SANS,SCM,M,200,IM,,false,false,2:08:60
SANS,SCM,M,400,IM,,false,false,4:37:22
SANY,LCM,F,50,FREE,,false,false,30:81
SANY,LCM,F,100,FREE,,false,false,1:07:47
SANY,LCM,F,200,FREE,,false,false,2:26:45
SANY,LCM,F,400,FREE,,false,false,5:05:59
SANY,LCM,F,800,FREE,,false,false,10:31:75
SANY,LCM,F,1500,FREE,,false,false,20:01:18
SANY,LCM,F,50,BACK,,false,false,35:05
SANY,LCM,F,100,BACK,,false,false,1:14:55
SANY,LCM,F,200,BACK,,false,false,2:40:69
SANY,LCM,F,50,BREAST,,false,false,38:05
SANY,LCM,F,100,BREAST,,false,false,1:23:68
SANY,LCM,F,200,BREAST,,false,false,2:59:49
SANY,LCM,F,50,FLY,,false,false,31:88
SANY,LCM,F,100,FLY,,false,false,1:11:25
SANY,LCM,F,200,FLY,,false,false,2:38:95
SANY,LCM,F,200,IM,,false,false,2:44:03
SANY,LCM,F,400,IM,,false,false,5:44:05
SANY,LCM,M,50,FREE,,false,false,26:89
SANY,LCM,M,100,FREE,,false,false,59:67
SANY,LCM,M,200,FREE,,false,false,2:11:19
SANY,LCM,M,400,FREE,,false,false,4:42:90
SANY,LCM,M,800,FREE,,false,false,9:41:50
SANY,LCM,M,1500,FREE,,false,false,18:39:83
SANY,LCM,M,50,BACK,,false,false,30:28
SANY,LCM,M,100,BACK,,false,false,1:06:36
SANY,LCM,M,200,BACK,,false,false,2:23:94
SANY,LCM,M,50,BREAST,,false,false,33:37
SANY,LCM,M,100,BREAST,,false,false,1:13:15
SANY,LCM,M,200,BREAST,,false,false,2:41:38
SANY,LCM,M,50,FLY,,false,false,28:64
SANY,LCM,M,100,FLY,,false,false,1:03:60
SANY,LCM,M,200,FLY,,false,false,2:21:91
SANY,LCM,M,200,IM,,false,false,2:24:93
SANY,LCM,M,400,IM,,false,false,5:11:89
SANY,SCM,F,50,FREE,,false,false,30:01
SANY,SCM,F,100,FREE,,false,false,1:05:87
SANY,SCM,F,200,FREE,,false,false,2:23:25
SANY,SCM,F,400,FREE,,false,false,4:59:19
SANY,SCM,F,800,FREE,,false,false,10:18:95
SANY,SCM,F,1500,FREE,,false,false,19:37:18
SANY,SCM,F,50,BACK,,false,false,34:45
SANY,SCM,F,100,BACK,,false,false,1:13:35
SANY,SCM,F,200,BACK,,false,false,2:38:29
SANY,SCM,F,50,BREAST,,false,false,37:05
SANY,SCM,F,100,BREAST,,false,false,1:21:68
SANY,SCM,F,200,BREAST,,false,false,2:55:49
SANY,SCM,F,50,FLY,,false,false,31:18
SANY,SCM,F,100,FLY,,false,false,1:09:85
SANY,SCM,F,200,FLY,,false,false,2:36:15
SANY,SCM,F,200,IM,,false,false,2:40:83
SANY,SCM,F,400,IM,,false,false,5:37:65
SANY,SCM,M,50,FREE,,false,false,26:09
SANY,SCM,M,100,FREE,,false,false,58:07
SANY,SCM,M,200,FREE,,false,false,2:07:99
SANY,SCM,M,400,FREE,,false,false,4:36:50
SANY,SCM,M,800,FREE,,false,false,9:28:70
SANY,SCM,M,1500,FREE,,false,false,18:15:83
SANY,SCM,M,50,BACK,,false,false,29:68
SANY,SCM,M,100,BACK,,false,false,1:05:16
SANY,SCM,M,200,BACK,,false,false,2:21:54
SANY,SCM,M,50,BREAST,,false,false,32:37
SANY,SCM,M,100,BREAST,,false,false,1:11:15
SANY,SCM,M,200,BREAST,,false,false,2:37:38
SANY,SCM,M,50,FLY,,false,false,27:94
SANY,SCM,M,100,FLY,,false,false,1:02:20
SANY,SCM,M,200,FLY,,false,false,2:19:11
SANY,SCM,M,200,IM,,false,false,2:21:73
SANY,SCM,M,400,IM,,false,false,5:05:49
SANJ,LCM,F,100,FREE,16,false,false,1:03:89
SANJ,LCM,F,100,FREE,15,false,false,1:04:30
SANJ,LCM,F,100,FREE,14,false,false,1:05:15
SANJ,LCM,F,100,FREE,13,false,false,1:06:74
SANJ,LCM,F,100,FREE,12,true,false,1:07:98
SANJ,LCM,F,200,FREE,16,false,false,2:18:68
SANJ,LCM,F,200,FREE,15,false,false,2:19:56
SANJ,LCM,F,200,FREE,14,false,false,2:21:40
SANJ,LCM,F,200,FREE,13,false,false,2:24:86
SANJ,LCM,F,200,FREE,12,true,false,2:27:55
SANJ,LCM,F,400,FREE,16,false,false,4:49:37
SANJ,LCM,F,400,FREE,15,false,false,4:51:21
SANJ,LCM,F,400,FREE,14,false,false,4:55:04
SANJ,LCM,F,400,FREE,13,false,false,5:02:27
SANJ,LCM,F,400,FREE,12,true,false,5:07:89
SANJ,LCM,F,800,FREE,16,false,false,9:58:22
SANJ,LCM,F,800,FREE,15,false,false,10:02:03
SANJ,LCM,F,800,FREE,14,false,false,10:09:95
SANJ,LCM,F,800,FREE,13,false,false,10:24:88
SANJ,LCM,F,800,FREE,12,true,false,10:36:50
SANJ,LCM,F,1500,FREE,16,false,false,18:57:42
SANJ,LCM,F,1500,FREE,15,false,false,19:04:66
SANJ,LCM,F,1500,FREE,14,false,false,19:19:73
SANJ,LCM,F,1500,FREE,13,false,false,19:48:12
SANJ,LCM,F,1500,FREE,12,true,false,20:10:21
SANJ,LCM,F,100,BACK,16,false,false,1:11:04
SANJ,LCM,F,100,BACK,15,false,false,1:11:97
SANJ,LCM,F,100,BACK,14,false,false,1:12:46
SANJ,LCM,F,100,BACK,13,false,false,1:14:83
SANJ,LCM,F,100,BACK,12,true,false,1:12:98
SANJ,LCM,F,200,BACK,16,false,false,2:33:13
SANJ,LCM,F,200,BACK,15,false,false,2:35:14
SANJ,LCM,F,200,BACK,14,false,false,2:36:19
SANJ,LCM,F,200,BACK,13,false,false,2:41:29
SANJ,LCM,F,200,BACK,12,true,false,2:44:43
SANJ,LCM,F,100,BREAST,16,false,false,1:19:74
SANJ,LCM,F,100,BREAST,15,false,false,1:20:79
SANJ,LCM,F,100,BREAST,14,false,false,1:21:34
SANJ,LCM,F,100,BREAST,13,false,false,1:23:99
SANJ,LCM,F,100,BREAST,12,true,false,1:25:63
SANJ,LCM,F,200,BREAST,16,false,false,2:51:05
SANJ,LCM,F,200,BREAST,15,false,false,2:53:30
SANJ,LCM,F,200,BREAST,14,false,false,2:54:47
SANJ,LCM,F,200,BREAST,13,false,false,3:00:16
SANJ,LCM,F,200,BREAST,12,true,false,3:03:67
SANJ,LCM,F,100,FLY,16,false,false,1:11:78
SANJ,LCM,F,100,FLY,15,false,false,1:12:33
SANJ,LCM,F,100,FLY,14,false,false,1:12:90
SANJ,LCM,F,100,FLY,13,false,false,1:13:19
SANJ,LCM,F,100,FLY,12,true,false,1:14:73
SANJ,LCM,F,200,FLY,16,false,false,2:40:15
SANJ,LCM,F,200,FLY,15,false,false,2:41:38
SANJ,LCM,F,200,FLY,14,false,false,2:42:65
SANJ,LCM,F,200,FLY,13,false,false,2:43:30
SANJ,LCM,F,200,FLY,12,true,false,2:46:72
SANJ,LCM,F,200,IM,16,false,false,2:37:33
SANJ,LCM,F,200,IM,15,false,false,2:37:84
SANJ,LCM,F,200,IM,14,false,false,2:38:37
SANJ,LCM,F,200,IM,13,false,false,2:44:64
SANJ,LCM,F,200,IM,12,true,false,2:49:20
SANJ,LCM,F,400,IM,16,false,false,5:29:99
SANJ,LCM,F,400,IM,15,false,false,5:31:07
SANJ,LCM,F,400,IM,14,false,false,5:32:17
SANJ,LCM,F,400,IM,13,false,false,5:45:33
SANJ,LCM,F,400,IM,12,true,false,5:54:89
SANJ,LCM,M,100,FREE,16,false,false,55:96
SANJ,LCM,M,100,FREE,15,false,false,56:29
SANJ,LCM,M,100,FREE,14,false,false,58:85
SANJ,LCM,M,100,FREE,13,false,false,1:02:45
SANJ,LCM,M,100,FREE,12,true,false,1:03:50
SANJ,LCM,M,200,FREE,16,false,false,2:03:01
SANJ,LCM,M,200,FREE,15,false,false,2:03:74
SANJ,LCM,M,200,FREE,14,false,false,2:09:38
SANJ,LCM,M,200,FREE,13,false,false,2:17:30
SANJ,LCM,M,200,FREE,12,true,false,2:19:60
SANJ,LCM,M,400,FREE,16,false,false,4:25:28
SANJ,LCM,M,400,FREE,15,false,false,4:26:85
SANJ,LCM,M,400,FREE,14,false,false,4:39:00
SANJ,LCM,M,400,FREE,13,false,false,4:56:08
SANJ,LCM,M,400,FREE,12,true,false,5:01:06
SANJ,LCM,M,800,FREE,16,false,false,9:05:29
SANJ,LCM,M,800,FREE,15,false,false,9:08:51
SANJ,LCM,M,800,FREE,14,false,false,9:33:48
SANJ,LCM,M,800,FREE,13,false,false,10:08:59
SANJ,LCM,M,800,FREE,12,true,false,10:18:82
SANJ,LCM,M,1500,FREE,16,false,false,17:30:09
SANJ,LCM,M,1500,FREE,15,false,false,17:36:30
SANJ,LCM,M,1500,FREE,14,false,false,18:24:38
SANJ,LCM,M,1500,FREE,13,false,false,19:31:99
SANJ,LCM,M,1500,FREE,12,true,false,19:51:69
SANJ,LCM,M,100,BACK,16,false,false,1:02:97
SANJ,LCM,M,100,BACK,15,false,false,1:03:36
SANJ,LCM,M,100,BACK,14,false,false,1:07:33
SANJ,LCM,M,100,BACK,13,false,false,1:11:87
SANJ,LCM,M,100,BACK,12,true,false,1:14:66
SANJ,LCM,M,200,BACK,16,false,false,2:16:60
SANJ,LCM,M,200,BACK,15,false,false,2:17:43
SANJ,LCM,M,200,BACK,14,false,false,2:26:05
SANJ,LCM,M,200,BACK,13,false,false,2:35:89
SANJ,LCM,M,200,BACK,12,true,false,2:41:95
SANJ,LCM,M,100,BREAST,16,false,false,1:10:73
SANJ,LCM,M,100,BREAST,15,false,false,1:11:66
SANJ,LCM,M,100,BREAST,14,false,false,1:15:35
SANJ,LCM,M,100,BREAST,13,false,false,1:20:71
SANJ,LCM,M,100,BREAST,12,true,false,1:22:31
SANJ,LCM,M,200,BREAST,16,false,false,2:36:04
SANJ,LCM,M,200,BREAST,15,false,false,2:38:09
SANJ,LCM,M,200,BREAST,14,false,false,2:46:24
SANJ,LCM,M,200,BREAST,13,false,false,2:58:05
SANJ,LCM,M,200,BREAST,12,true,false,3:01:58
SANJ,LCM,M,100,FLY,16,false,false,1:01:49
SANJ,LCM,M,100,FLY,15,false,false,1:02:30
SANJ,LCM,M,100,FLY,14,false,false,1:05:51
SANJ,LCM,M,100,FLY,13,false,false,1:10:16
SANJ,LCM,M,100,FLY,12,true,false,1:12:29
SANJ,LCM,M,200,FLY,16,false,false,2:17:21
SANJ,LCM,M,200,FLY,15,false,false,2:19:01
SANJ,LCM,M,200,FLY,14,false,false,2:26:18
SANJ,LCM,M,200,FLY,13,false,false,2:36:57
SANJ,LCM,M,200,FLY,12,true,false,2:41:31
SANJ,LCM,M,200,IM,16,false,false,2:18:38
SANJ,LCM,M,200,IM,15,false,false,2:21:98
SANJ,LCM,M,200,IM,14,false,false,2:27:05
SANJ,LCM,M,200,IM,13,false,false,2:35:58
SANJ,LCM,M,200,IM,12,true,false,2:41:45
SANJ,LCM,M,400,IM,16,false,false,4:57:79
SANJ,LCM,M,400,IM,15,false,false,5:05:53
SANJ,LCM,M,400,IM,14,false,false,5:16:45
SANJ,LCM,M,400,IM,13,false,false,5:34:79
SANJ,LCM,M,400,IM,12,true,false,5:47:44
SANJ,SCM,F,100,FREE,16,false,false,1:02:29
SANJ,SCM,F,100,FREE,15,false,false,1:02:70
SANJ,SCM,F,100,FREE,14,false,false,1:03:55
SANJ,SCM,F,100,FREE,13,false,false,1:05:14
SANJ,SCM,F,100,FREE,12,true,false,1:06:38
SANJ,SCM,F,200,FREE,16,false,false,2:15:48
SANJ,SCM,F,200,FREE,15,false,false,2:16:36
SANJ,SCM,F,200,FREE,14,false,false,2:18:20
SANJ,SCM,F,200,FREE,13,false,false,2:21:66
SANJ,SCM,F,200,FREE,12,true,false,2:24:35
SANJ,SCM,F,400,FREE,16,false,false,4:42:97
SANJ,SCM,F,400,FREE,15,false,false,4:44:81
SANJ,SCM,F,400,FREE,14,false,false,4:48:64
SANJ,SCM,F,400,FREE,13,false,false,4:55:87
SANJ,SCM,F,400,FREE,12,true,false,5:01:49
SANJ,SCM,F,800,FREE,16,false,false,9:45:42
SANJ,SCM,F,800,FREE,15,false,false,9:49:23
SANJ,SCM,F,800,FREE,14,false,false,9:57:15
SANJ,SCM,F,800,FREE,13,false,false,10:12:08
SANJ,SCM,F,800,FREE,12,true,false,10:23:70
SANJ,SCM,F,1500,FREE,16,false,false,18:33:42
SANJ,SCM,F,1500,FREE,15,false,false,18:40:66
SANJ,SCM,F,1500,FREE,14,false,false,18:55:73
SANJ,SCM,F,1500,FREE,13,false,false,19:24:12
SANJ,SCM,F,1500,FREE,12,true,false,19:46:21
SANJ,SCM,F,100,BACK,16,false,false,1:09:84
SANJ,SCM,F,100,BACK,15,false,false,1:10:77
SANJ,SCM,F,100,BACK,14,false,false,1:11:26
SANJ,SCM,F,100,BACK,13,false,false,1:13:63
SANJ,SCM,F,100,BACK,12,true,false,1:11:78
SANJ,SCM,F,200,BACK,16,false,false,2:30:73
SANJ,SCM,F,200,BACK,15,false,false,2:32:74
SANJ,SCM,F,200,BACK,14,false,false,2:33:79
SANJ,SCM,F,200,BACK,13,false,false,2:38:89
SANJ,SCM,F,200,BACK,12,true,false,2:42:03
SANJ,SCM,F,100,BREAST,16,false,false,1:17:74
SANJ,SCM,F,100,BREAST,15,false,false,1:18:79
SANJ,SCM,F,100,BREAST,14,false,false,1:19:34
SANJ,SCM,F,100,BREAST,13,false,false,1:21:99
SANJ,SCM,F,100,BREAST,12,true,false,1:23:63
SANJ,SCM,F,200,BREAST,16,false,false,2:47:05
SANJ,SCM,F,200,BREAST,15,false,false,2:49:30
SANJ,SCM,F,200,BREAST,14,false,false,2:50:47
SANJ,SCM,F,200,BREAST,13,false,false,2:56:16
SANJ,SCM,F,200,BREAST,12,true,false,2:59:67
SANJ,SCM,F,100,FLY,16,false,false,1:10:38
SANJ,SCM,F,100,FLY,15,false,false,1:10:93
SANJ,SCM,F,100,FLY,14,false,false,1:11:50
SANJ,SCM,F,100,FLY,13,false,false,1:11:79
SANJ,SCM,F,100,FLY,12,true,false,1:13:33
SANJ,SCM,F,200,FLY,16,false,false,2:37:35
SANJ,SCM,F,200,FLY,15,false,false,2:38:58
SANJ,SCM,F,200,FLY,14,false,false,2:39:85
SANJ,SCM,F,200,FLY,13,false,false,2:40:50
SANJ,SCM,F,200,FLY,12,true,false,2:43:92
SANJ,SCM,F,200,IM,16,false,false,2:34:13
SANJ,SCM,F,200,IM,15,false,false,2:34:64
SANJ,SCM,F,200,IM,14,false,false,2:35:17
SANJ,SCM,F,200,IM,13,false,false,2:41:44
SANJ,SCM,F,200,IM,12,true,false,2:46:00
SANJ,SCM,F,400,IM,16,false,false,5:23:59
SANJ,SCM,F,400,IM,15,false,false,5:24:67
SANJ,SCM,F,400,IM,14,false,false,5:25:77
SANJ,SCM,F,400,IM,13,false,false,5:38:93
SANJ,SCM,F,400,IM,12,true,false,5:48:49
SANJ,SCM,M,100,FREE,16,false,false,54:36
SANJ,SCM,M,100,FREE,15,false,false,54:69
SANJ,SCM,M,100,FREE,14,false,false,57:25
SANJ,SCM,M,100,FREE,13,false,false,1:00:85
SANJ,SCM,M,100,FREE,12,true,false,1:01:90
SANJ,SCM,M,200,FREE,16,false,false,1:59:81
SANJ,SCM,M,200,FREE,15,false,false,2:00:54
SANJ,SCM,M,200,FREE,14,false,false,2:06:18
SANJ,SCM,M,200,FREE,13,false,false,2:14:10
SANJ,SCM,M,200,FREE,12,true,false,2:16:40
SANJ,SCM,M,400,FREE,16,false,false,4:18:88
SANJ,SCM,M,400,FREE,15,false,false,4:20:45
SANJ,SCM,M,400,FREE,14,false,false,4:32:60
SANJ,SCM,M,400,FREE,13,false,false,4:49:68
SANJ,SCM,M,400,FREE,12,true,false,4:54:66
SANJ,SCM,M,800,FREE,16,false,false,8:52:49
SANJ,SCM,M,800,FREE,15,false,false,8:55:71
SANJ,SCM,M,800,FREE,14,false,false,9:20:68
SANJ,SCM,M,800,FREE,13,false,false,9:55:79
SANJ,SCM,M,800,FREE,12,true,false,10:06:02
SANJ,SCM,M,1500,FREE,16,false,false,17:06:09
SANJ,SCM,M,1500,FREE,15,false,false,17:12:30
SANJ,SCM,M,1500,FREE,14,false,false,18:00:38
SANJ,SCM,M,1500,FREE,13,false,false,19:07:99
SANJ,SCM,M,1500,FREE,12,true,false,19:27:69
SANJ,SCM,M,100,BACK,16,false,false,1:01:77
SANJ,SCM,M,100,BACK,15,false,false,1:02:16
SANJ,SCM,M,100,BACK,14,false,false,1:06:13
SANJ,SCM,M,100,BACK,13,false,false,1:10:67
SANJ,SCM,M,100,BACK,12,true,false,1:13:46
SANJ,SCM,M,200,BACK,16,false,false,2:14:20
SANJ,SCM,M,200,BACK,15,false,false,2:15:03
SANJ,SCM,M,200,BACK,14,false,false,2:23:65
SANJ,SCM,M,200,BACK,13,false,false,2:33:49
SANJ,SCM,M,200,BACK,12,true,false,2:39:55
SANJ,SCM,M,100,BREAST,16,false,false,1:08:73
SANJ,SCM,M,100,BREAST,15,false,false,1:09:66
SANJ,SCM,M,100,BREAST,14,false,false,1:13:35
SANJ,SCM,M,100,BREAST,13,false,false,1:18:71
SANJ,SCM,M,100,BREAST,12,true,false,1:20:31
SANJ,SCM,M,200,BREAST,16,false,false,2:32:04
SANJ,SCM,M,200,BREAST,15,false,false,2:34:09
SANJ,SCM,M,200,BREAST,14,false,false,2:42:24
SANJ,SCM,M,200,BREAST,13,false,false,2:54:05
SANJ,SCM,M,200,BREAST,12,true,false,2:57:58
SANJ,SCM,M,100,FLY,16,false,false,1:00:09
SANJ,SCM,M,100,FLY,15,false,false,1:00:90
SANJ,SCM,M,100,FLY,14,false,false,1:04:11
SANJ,SCM,M,100,FLY,13,false,false,1:08:76
SANJ,SCM,M,100,FLY,12,true,false,1:10:89
SANJ,SCM,M,200,FLY,16,false,false,2:14:41
SANJ,SCM,M,200,FLY,15,false,false,2:16:21
SANJ,SCM,M,200,FLY,14,false,false,2:23:38
SANJ,SCM,M,200,FLY,13,false,false,2:33:77
SANJ,SCM,M,200,FLY,12,true,false,2:38:51
SANJ,SCM,M,200,IM,16,false,false,2:15:18
SANJ,SCM,M,200,IM,15,false,false,2:18:78
SANJ,SCM,M,200,IM,14,false,false,2:23:85
SANJ,SCM,M,200,IM,13,false,false,2:32:38
SANJ,SCM,M,200,IM,12,true,false,2:38:25
SANJ,SCM,M,400,IM,16,false,false,4:51:39
SANJ,SCM,M,400,IM,15,false,false,4:59:13
SANJ,SCM,M,400,IM,14,false,false,5:10:05
SANJ,SCM,M,400,IM,13,false,false,5:28:39
SANJ,SCM,M,400,IM,12,true,false,5:41:04
LEVEL_3,LCM,F,100,FREE,16,false,false,1:06:98
LEVEL_3,LCM,F,100,FREE,15,false,false,1:07:98
LEVEL_3,LCM,F,100,FREE,14,false,false,1:09:04
LEVEL_3,LCM,F,100,FREE,13,false,false,1:10:18
LEVEL_3,LCM,F,100,FREE,12,false,false,1:14:82
LEVEL_3,LCM,F,100,FREE,11,true,false,1:16:40
LEVEL_3,LCM,F,200,FREE,16,false,false,2:25:38
LEVEL_3,LCM,F,200,FREE,15,false,false,2:27:55
LEVEL_3,LCM,F,200,FREE,14,false,false,2:29:86
LEVEL_3,LCM,F,200,FREE,13,false,false,2:32:31
LEVEL_3,LCM,F,200,FREE,12,false,false,2:42:40
LEVEL_3,LCM,F,200,FREE,11,true,false,2:51:39
LEVEL_3,LCM,F,400,FREE,16,false,false,5:03:36
LEVEL_3,LCM,F,400,FREE,15,false,false,5:07:89
LEVEL_3,LCM,F,400,FREE,14,false,false,5:12:70
LEVEL_3,LCM,F,400,FREE,13,false,false,5:17:83
LEVEL_3,LCM,F,400,FREE,12,false,false,5:38:87
LEVEL_3,LCM,F,400,FREE,11,true,false,6:26:01
LEVEL_3,LCM,F,100,BACK,16,false,false,1:17:53
LEVEL_3,LCM,F,100,BACK,15,false,false,1:18:87
LEVEL_3,LCM,F,100,BACK,14,false,false,1:20:30
LEVEL_3,LCM,F,100,BACK,13,false,false,1:21:85
LEVEL_3,LCM,F,100,BACK,12,false,false,1:25:34
LEVEL_3,LCM,F,100,BACK,11,true,false,1:35:83
LEVEL_3,LCM,F,200,BACK,16,false,false,2:47:12
LEVEL_3,LCM,F,200,BACK,15,false,false,2:50:00
LEVEL_3,LCM,F,200,BACK,14,false,false,2:53:10
LEVEL_3,LCM,F,200,BACK,13,false,false,2:56:43
LEVEL_3,LCM,F,200,BACK,12,false,false,3:03:94
LEVEL_3,LCM,F,200,BACK,11,true,false,3:16:26
LEVEL_3,LCM,F,100,BREAST,16,false,false,1:27:03
LEVEL_3,LCM,F,100,BREAST,15,false,false,1:28:53
LEVEL_3,LCM,F,100,BREAST,14,false,false,1:30:14
LEVEL_3,LCM,F,100,BREAST,13,false,false,1:31:88
LEVEL_3,LCM,F,100,BREAST,12,false,false,1:35:79
LEVEL_3,LCM,F,100,BREAST,11,true,false,1:46:22
LEVEL_3,LCM,F,200,BREAST,16,false,false,3:06:68
LEVEL_3,LCM,F,200,BREAST,15,false,false,3:09:90
LEVEL_3,LCM,F,200,BREAST,14,false,false,3:13:35
LEVEL_3,LCM,F,200,BREAST,13,false,false,3:17:07
LEVEL_3,LCM,F,200,BREAST,12,false,false,3:25:47
LEVEL_3,LCM,F,200,BREAST,11,true,false,3:42:24
LEVEL_3,LCM,F,100,FLY,16,false,false,1:14:10
LEVEL_3,LCM,F,100,FLY,15,false,false,1:15:38
LEVEL_3,LCM,F,100,FLY,14,false,false,1:16:75
LEVEL_3,LCM,F,100,FLY,13,false,false,1:18:22
LEVEL_3,LCM,F,100,FLY,12,false,false,1:21:56
LEVEL_3,LCM,F,100,FLY,11,true,false,1:36:49
LEVEL_3,LCM,F,200,IM,16,false,false,2:50:60
LEVEL_3,LCM,F,200,IM,15,false,false,2:53:54
LEVEL_3,LCM,F,200,IM,14,false,false,2:56:69
LEVEL_3,LCM,F,200,IM,13,false,false,3:00:09
LEVEL_3,LCM,F,200,IM,12,false,false,3:07:77
LEVEL_3,LCM,F,200,IM,11,true,false,3:26:89
LEVEL_3,LCM,M,100,FREE,16,false,false,59:26
LEVEL_3,LCM,M,100,FREE,15,false,false,59:67
LEVEL_3,LCM,M,100,FREE,14,false,false,1:03:50
LEVEL_3,LCM,M,100,FREE,13,false,false,1:08:55
LEVEL_3,LCM,M,100,FREE,12,false,false,1:12:15
LEVEL_3,LCM,M,100,FREE,11,true,false,1:16:06
LEVEL_3,LCM,M,200,FREE,16,false,false,2:10:27
LEVEL_3,LCM,M,200,FREE,15,false,false,2:11:19
LEVEL_3,LCM,M,200,FREE,14,false,false,2:19:60
LEVEL_3,LCM,M,200,FREE,13,false,false,2:30:71
LEVEL_3,LCM,M,200,FREE,12,false,false,2:45:29
LEVEL_3,LCM,M,200,FREE,11,true,false,2:48:96
LEVEL_3,LCM,M,400,FREE,16,false,false,4:40:92
LEVEL_3,LCM,M,400,FREE,15,false,false,4:42:90
LEVEL_3,LCM,M,400,FREE,14,false,false,5:01:06
LEVEL_3,LCM,M,400,FREE,13,false,false,5:25:00
LEVEL_3,LCM,M,400,FREE,12,false,false,5:40:91
LEVEL_3,LCM,M,400,FREE,11,true,false,6:12:31
LEVEL_3,LCM,M,100,BACK,16,false,false,1:08:79
LEVEL_3,LCM,M,100,BACK,15,false,false,1:09:17
LEVEL_3,LCM,M,100,BACK,14,false,false,1:15:43
LEVEL_3,LCM,M,100,BACK,13,false,false,1:17:08
LEVEL_3,LCM,M,100,BACK,12,false,false,1:24:71
LEVEL_3,LCM,M,100,BACK,11,true,false,1:33:42
LEVEL_3,LCM,M,200,BACK,16,false,false,2:29:44
LEVEL_3,LCM,M,200,BACK,15,false,false,2:30:04
LEVEL_3,LCM,M,200,BACK,14,false,false,2:43:62
LEVEL_3,LCM,M,200,BACK,13,false,false,2:47:18
LEVEL_3,LCM,M,200,BACK,12,false,false,3:02:67
LEVEL_3,LCM,M,200,BACK,11,true,false,3:14:68
LEVEL_3,LCM,M,100,BREAST,16,false,false,1:15:95
LEVEL_3,LCM,M,100,BREAST,15,false,false,1:16:25
LEVEL_3,LCM,M,100,BREAST,14,false,false,1:23:15
LEVEL_3,LCM,M,100,BREAST,13,false,false,1:32:17
LEVEL_3,LCM,M,100,BREAST,12,false,false,1:35:69
LEVEL_3,LCM,M,100,BREAST,11,true,false,1:42:68
LEVEL_3,LCM,M,200,BREAST,16,false,false,2:47:55
LEVEL_3,LCM,M,200,BREAST,15,false,false,2:48:22
LEVEL_3,LCM,M,200,BREAST,14,false,false,3:03:45
LEVEL_3,LCM,M,200,BREAST,13,false,false,3:24:50
LEVEL_3,LCM,M,200,BREAST,12,false,false,3:27:54
LEVEL_3,LCM,M,200,BREAST,11,true,false,3:40:53
LEVEL_3,LCM,M,100,FLY,16,false,false,1:06:03
LEVEL_3,LCM,M,100,FLY,15,false,false,1:06:29
LEVEL_3,LCM,M,100,FLY,14,false,false,1:12:29
LEVEL_3,LCM,M,100,FLY,13,false,false,1:18:50
LEVEL_3,LCM,M,100,FLY,12,false,false,1:26:78
LEVEL_3,LCM,M,100,FLY,11,true,false,1:32:27
LEVEL_3,LCM,M,200,IM,16,false,false,2:30:47
LEVEL_3,LCM,M,200,IM,15,false,false,2:31:07
LEVEL_3,LCM,M,200,IM,14,false,false,2:44:75
LEVEL_3,LCM,M,200,IM,13,false,false,2:48:33
LEVEL_3,LCM,M,200,IM,12,false,false,3:02:19
LEVEL_3,LCM,M,200,IM,11,true,false,3:21:65
LEVEL_3,SCM,F,100,FREE,16,false,false,1:05:38
LEVEL_3,SCM,F,100,FREE,15,false,false,1:06:38
LEVEL_3,SCM,F,100,FREE,14,false,false,1:07:44
LEVEL_3,SCM,F,100,FREE,13,false,false,1:08:58
LEVEL_3,SCM,F,100,FREE,12,false,false,1:13:22
LEVEL_3,SCM,F,100,FREE,11,true,false,1:14:80
LEVEL_3,SCM,F,200,FREE,16,false,false,2:22:18
LEVEL_3,SCM,F,200,FREE,15,false,false,2:24:35
LEVEL_3,SCM,F,200,FREE,14,false,false,2:26:66
LEVEL_3,SCM,F,200,FREE,13,false,false,2:29:11
LEVEL_3,SCM,F,200,FREE,12,false,false,2:39:20
LEVEL_3,SCM,F,200,FREE,11,true,false,2:48:19
LEVEL_3,SCM,F,400,FREE,16,false,false,4:56:96
LEVEL_3,SCM,F,400,FREE,15,false,false,5:01:49
LEVEL_3,SCM,F,400,FREE,14,false,false,5:06:30
LEVEL_3,SCM,F,400,FREE,13,false,false,5:11:43
LEVEL_3,SCM,F,400,FREE,12,false,false,5:32:47
LEVEL_3,SCM,F,400,FREE,11,true,false,6:19:61
LEVEL_3,SCM,F,100,BACK,16,false,false,1:16:33
LEVEL_3,SCM,F,100,BACK,15,false,false,1:17:67
LEVEL_3,SCM,F,100,BACK,14,false,false,1:19:10
LEVEL_3,SCM,F,100,BACK,13,false,false,1:20:65
LEVEL_3,SCM,F,100,BACK,12,false,false,1:24:14
LEVEL_3,SCM,F,100,BACK,11,true,false,1:34:63
LEVEL_3,SCM,F,200,BACK,16,false,false,2:44:72
LEVEL_3,SCM,F,200,BACK,15,false,false,2:47:60
LEVEL_3,SCM,F,200,BACK,14,false,false,2:50:70
LEVEL_3,SCM,F,200,BACK,13,false,false,2:54:03
LEVEL_3,SCM,F,200,BACK,12,false,false,3:01:54
LEVEL_3,SCM,F,200,BACK,11,true,false,3:13:86
LEVEL_3,SCM,F,100,BREAST,16,false,false,1:25:03
LEVEL_3,SCM,F,100,BREAST,15,false,false,1:26:53
LEVEL_3,SCM,F,100,BREAST,14,false,false,1:28:14
LEVEL_3,SCM,F,100,BREAST,13,false,false,1:29:88
LEVEL_3,SCM,F,100,BREAST,12,false,false,1:33:79
LEVEL_3,SCM,F,100,BREAST,11,true,false,1:44:22
LEVEL_3,SCM,F,200,BREAST,16,false,false,3:02:68
LEVEL_3,SCM,F,200,BREAST,15,false,false,3:05:90
LEVEL_3,SCM,F,200,BREAST,14,false,false,3:09:35
LEVEL_3,SCM,F,200,BREAST,13,false,false,3:13:07
LEVEL_3,SCM,F,200,BREAST,12,false,false,3:21:47
LEVEL_3,SCM,F,200,BREAST,11,true,false,3:38:24
LEVEL_3,SCM,F,100,FLY,16,false,false,1:12:70
LEVEL_3,SCM,F,100,FLY,15,false,false,1:13:98
LEVEL_3,SCM,F,100,FLY,14,false,false,1:15:35
LEVEL_3,SCM,F,100,FLY,13,false,false,1:16:82
LEVEL_3,SCM,F,100,FLY,12,false,false,1:20:16
LEVEL_3,SCM,F,100,FLY,11,true,false,1:35:09
LEVEL_3,SCM,F,200,IM,16,false,false,2:47:40
LEVEL_3,SCM,F,200,IM,15,false,false,2:50:34
LEVEL_3,SCM,F,200,IM,14,false,false,2:53:49
LEVEL_3,SCM,F,200,IM,13,false,false,2:56:89
LEVEL_3,SCM,F,200,IM,12,false,false,3:04:57
LEVEL_3,SCM,F,200,IM,11,true,false,3:23:69
LEVEL_3,SCM,M,100,FREE,16,false,false,57:66
LEVEL_3,SCM,M,100,FREE,15,false,false,58:07
LEVEL_3,SCM,M,100,FREE,14,false,false,1:01:90
LEVEL_3,SCM,M,100,FREE,13,false,false,1:06:95
LEVEL_3,SCM,M,100,FREE,12,false,false,1:10:55
LEVEL_3,SCM,M,100,FREE,11,true,false,1:14:46
LEVEL_3,SCM,M,200,FREE,16,false,false,2:07:07
LEVEL_3,SCM,M,200,FREE,15,false,false,2:07:99
LEVEL_3,SCM,M,200,FREE,14,false,false,2:16:40
LEVEL_3,SCM,M,200,FREE,13,false,false,2:27:51
LEVEL_3,SCM,M,200,FREE,12,false,false,2:42:09
LEVEL_3,SCM,M,200,FREE,11,true,false,2:45:76
LEVEL_3,SCM,M,400,FREE,16,false,false,4:34:52
LEVEL_3,SCM,M,400,FREE,15,false,false,4:36:50
LEVEL_3,SCM,M,400,FREE,14,false,false,4:54:66
LEVEL_3,SCM,M,400,FREE,13,false,false,5:18:60
LEVEL_3,SCM,M,400,FREE,12,false,false,5:34:51
LEVEL_3,SCM,M,400,FREE,11,true,false,6:05:91
LEVEL_3,SCM,M,100,BACK,16,false,false,1:07:59
LEVEL_3,SCM,M,100,BACK,15,false,false,1:07:97
LEVEL_3,SCM,M,100,BACK,14,false,false,1:14:23
LEVEL_3,SCM,M,100,BACK,13,false,false,1:15:88
LEVEL_3,SCM,M,100,BACK,12,false,false,1:23:51
LEVEL_3,SCM,M,100,BACK,11,true,false,1:32:22
LEVEL_3,SCM,M,200,BACK,16,false,false,2:27:04
LEVEL_3,SCM,M,200,BACK,15,false,false,2:27:64
LEVEL_3,SCM,M,200,BACK,14,false,false,2:41:22
LEVEL_3,SCM,M,200,BACK,13,false,false,2:44:78
LEVEL_3,SCM,M,200,BACK,12,false,false,3:00:27
LEVEL_3,SCM,M,200,BACK,11,true,false,3:12:28
LEVEL_3,SCM,M,100,BREAST,16,false,false,1:13:95
LEVEL_3,SCM,M,100,BREAST,15,false,false,1:14:25
LEVEL_3,SCM,M,100,BREAST,14,false,false,1:21:15
LEVEL_3,SCM,M,100,BREAST,13,false,false,1:30:17
LEVEL_3,SCM,M,100,BREAST,12,false,false,1:33:69
LEVEL_3,SCM,M,100,BREAST,11,true,false,1:40:68
LEVEL_3,SCM,M,200,BREAST,16,false,false,2:43:55
LEVEL_3,SCM,M,200,BREAST,15,false,false,2:44:22
LEVEL_3,SCM,M,200,BREAST,14,false,false,2:59:45
LEVEL_3,SCM,M,200,BREAST,13,false,false,3:20:50
LEVEL_3,SCM,M,200,BREAST,12,false,false,3:23:54
LEVEL_3,SCM,M,200,BREAST,11,true,false,3:36:53
LEVEL_3,SCM,M,100,FLY,16,false,false,1:04:63
LEVEL_3,SCM,M,100,FLY,15,false,false,1:04:89
LEVEL_3,SCM,M,100,FLY,14,false,false,1:10:89
LEVEL_3,SCM,M,100,FLY,13,false,false,1:17:10
LEVEL_3,SCM,M,100,FLY,12,false,false,1:25:38
LEVEL_3,SCM,M,100,FLY,11,true,false,1:30:87
LEVEL_3,SCM,M,200,IM,16,false,false,2:27:27
LEVEL_3,SCM,M,200,IM,15,false,false,2:27:87
LEVEL_3,SCM,M,200,IM,14,false,false,2:41:55
LEVEL_3,SCM,M,200,IM,13,false,false,2:45:13
LEVEL_3,SCM,M,200,IM,12,false,false,2:58:99
LEVEL_3,SCM,M,200,IM,11,true,false,3:18:45
LEVEL_2,LCM,F,50,FREE,16,false,false,33:50
LEVEL_2,LCM,F,50,FREE,15,false,false,33:63
LEVEL_2,LCM,F,50,FREE,14,false,false,33:76
LEVEL_2,LCM,F,50,FREE,13,false,false,33:99
LEVEL_2,LCM,F,50,FREE,12,false,false,35:63
LEVEL_2,LCM,F,50,FREE,11,false,false,38:20
LEVEL_2,LCM,F,50,FREE,10,true,false,39:72
LEVEL_2,LCM,F,100,FREE,16,false,false,1:14:45
LEVEL_2,LCM,F,100,FREE,15,false,false,1:15:21
LEVEL_2,LCM,F,100,FREE,14,false,false,1:16:08
LEVEL_2,LCM,F,100,FREE,13,false,false,1:17:85
LEVEL_2,LCM,F,100,FREE,12,false,false,1:21:23
LEVEL_2,LCM,F,100,FREE,11,false,false,1:26:18
LEVEL_2,LCM,F,100,FREE,10,true,false,1:32:45
LEVEL_2,LCM,F,200,FREE,16,false,false,2:49:90
LEVEL_2,LCM,F,200,FREE,15,false,false,2:50:34
LEVEL_2,LCM,F,200,FREE,14,false,false,2:50:74
LEVEL_2,LCM,F,200,FREE,13,false,false,2:51:14
LEVEL_2,LCM,F,200,FREE,12,false,false,2:59:36
LEVEL_2,LCM,F,200,FREE,11,false,false,3:21:03
LEVEL_2,LCM,F,200,FREE,10,true,false,3:38:24
LEVEL_2,LCM,F,50,BACK,16,false,false,40:91
LEVEL_2,LCM,F,50,BACK,15,false,false,41:01
LEVEL_2,LCM,F,50,BACK,14,false,false,41:11
LEVEL_2,LCM,F,50,BACK,13,false,false,41:56
LEVEL_2,LCM,F,50,BACK,12,false,false,43:10
LEVEL_2,LCM,F,50,BACK,11,false,false,46:16
LEVEL_2,LCM,F,50,BACK,10,true,false,49:07
LEVEL_2,LCM,F,100,BACK,16,false,false,1:28:50
LEVEL_2,LCM,F,100,BACK,15,false,false,1:28:72
LEVEL_2,LCM,F,100,BACK,14,false,false,1:28:94
LEVEL_2,LCM,F,100,BACK,13,false,false,1:29:86
LEVEL_2,LCM,F,100,BACK,12,false,false,1:33:79
LEVEL_2,LCM,F,100,BACK,11,false,false,1:40:81
LEVEL_2,LCM,F,100,BACK,10,true,false,1:49:00
LEVEL_2,LCM,F,200,BACK,16,false,false,3:20:69
LEVEL_2,LCM,F,200,BACK,15,false,false,3:21:27
LEVEL_2,LCM,F,200,BACK,14,false,false,3:21:86
LEVEL_2,LCM,F,200,BACK,13,false,false,3:22:76
LEVEL_2,LCM,F,200,BACK,12,false,false,3:36:11
LEVEL_2,LCM,F,200,BACK,11,false,false,3:49:73
LEVEL_2,LCM,F,200,BACK,10,true,false,4:06:28
LEVEL_2,LCM,F,50,BREAST,16,false,false,46:23
LEVEL_2,LCM,F,50,BREAST,15,false,false,46:35
LEVEL_2,LCM,F,50,BREAST,14,false,false,46:48
LEVEL_2,LCM,F,50,BREAST,13,false,false,46:79
LEVEL_2,LCM,F,50,BREAST,12,false,false,48:09
LEVEL_2,LCM,F,50,BREAST,11,false,false,51:65
LEVEL_2,LCM,F,50,BREAST,10,true,false,54:88
LEVEL_2,LCM,F,100,BREAST,16,false,false,1:42:63
LEVEL_2,LCM,F,100,BREAST,15,false,false,1:42:91
LEVEL_2,LCM,F,100,BREAST,14,false,false,1:43:34
LEVEL_2,LCM,F,100,BREAST,13,false,false,1:44:22
LEVEL_2,LCM,F,100,BREAST,12,false,false,1:46:23
LEVEL_2,LCM,F,100,BREAST,11,false,false,1:54:00
LEVEL_2,LCM,F,100,BREAST,10,true,false,2:02:92
LEVEL_2,LCM,F,200,BREAST,16,false,false,3:49:96
LEVEL_2,LCM,F,200,BREAST,15,false,false,3:50:68
LEVEL_2,LCM,F,200,BREAST,14,false,false,3:51:41
LEVEL_2,LCM,F,200,BREAST,13,false,false,3:58:84
LEVEL_2,LCM,F,200,BREAST,12,false,false,4:07:33
LEVEL_2,LCM,F,200,BREAST,11,false,false,4:22:43
LEVEL_2,LCM,F,200,BREAST,10,true,false,4:35:10
LEVEL_2,LCM,F,50,FLY,16,false,false,39:10
LEVEL_2,LCM,F,50,FLY,15,false,false,39:31
LEVEL_2,LCM,F,50,FLY,14,false,false,39:82
LEVEL_2,LCM,F,50,FLY,13,false,false,40:11
LEVEL_2,LCM,F,50,FLY,12,false,false,44:01
LEVEL_2,LCM,F,50,FLY,11,false,false,50:09
LEVEL_2,LCM,F,50,FLY,10,true,false,55:00
LEVEL_2,LCM,F,100,FLY,16,false,false,1:37:37
LEVEL_2,LCM,F,100,FLY,15,false,false,1:37:73
LEVEL_2,LCM,F,100,FLY,14,false,false,1:38:09
LEVEL_2,LCM,F,100,FLY,13,false,false,1:38:84
LEVEL_2,LCM,F,100,FLY,12,false,false,1:55:16
LEVEL_2,LCM,F,100,FLY,11,false,false,2:01:25
LEVEL_2,LCM,F,100,FLY,10,true,false,2:15:50
LEVEL_2,LCM,F,200,IM,16,false,false,3:11:65
LEVEL_2,LCM,F,200,IM,15,false,false,3:12:10
LEVEL_2,LCM,F,200,IM,14,false,false,3:12:78
LEVEL_2,LCM,F,200,IM,13,false,false,3:17:35
LEVEL_2,LCM,F,200,IM,12,false,false,3:30:20
LEVEL_2,LCM,F,200,IM,11,false,false,3:40:94
LEVEL_2,LCM,F,200,IM,10,true,false,4:04:06
LEVEL_2,LCM,M,50,FREE,16,false,false,28:26
LEVEL_2,LCM,M,50,FREE,15,false,false,28:92
LEVEL_2,LCM,M,50,FREE,14,false,false,30:26
LEVEL_2,LCM,M,50,FREE,13,false,false,32:35
LEVEL_2,LCM,M,50,FREE,12,false,false,35:12
LEVEL_2,LCM,M,50,FREE,11,false,false,37:05
LEVEL_2,LCM,M,50,FREE,10,true,false,38:93
LEVEL_2,LCM,M,100,FREE,16,false,false,1:05:47
LEVEL_2,LCM,M,100,FREE,15,false,false,1:06:16
LEVEL_2,LCM,M,100,FREE,14,false,false,1:08:27
LEVEL_2,LCM,M,100,FREE,13,false,false,1:12:51
LEVEL_2,LCM,M,100,FREE,12,false,false,1:18:95
LEVEL_2,LCM,M,100,FREE,11,false,false,1:26:57
LEVEL_2,LCM,M,100,FREE,10,true,false,1:31:13
LEVEL_2,LCM,M,200,FREE,16,false,false,2:31:20
LEVEL_2,LCM,M,200,FREE,15,false,false,2:33:22
LEVEL_2,LCM,M,200,FREE,14,false,false,2:37:43
LEVEL_2,LCM,M,200,FREE,13,false,false,2:47:45
LEVEL_2,LCM,M,200,FREE,12,false,false,3:08:68
LEVEL_2,LCM,M,200,FREE,11,false,false,3:35:53
LEVEL_2,LCM,M,200,FREE,10,true,false,3:39:00
LEVEL_2,LCM,M,50,BACK,16,false,false,35:58
LEVEL_2,LCM,M,50,BACK,15,false,false,36:21
LEVEL_2,LCM,M,50,BACK,14,false,false,38:22
LEVEL_2,LCM,M,50,BACK,13,false,false,41:11
LEVEL_2,LCM,M,50,BACK,12,false,false,43:29
LEVEL_2,LCM,M,50,BACK,11,false,false,47:23
LEVEL_2,LCM,M,50,BACK,10,true,false,48:57
LEVEL_2,LCM,M,100,BACK,16,false,false,1:22:58
LEVEL_2,LCM,M,100,BACK,15,false,false,1:23:62
LEVEL_2,LCM,M,100,BACK,14,false,false,1:27:37
LEVEL_2,LCM,M,100,BACK,13,false,false,1:30:72
LEVEL_2,LCM,M,100,BACK,12,false,false,1:35:45
LEVEL_2,LCM,M,100,BACK,11,false,false,1:47:05
LEVEL_2,LCM,M,100,BACK,10,true,false,1:48:69
LEVEL_2,LCM,M,200,BACK,16,false,false,3:03:74
LEVEL_2,LCM,M,200,BACK,15,false,false,3:04:04
LEVEL_2,LCM,M,200,BACK,14,false,false,3:22:03
LEVEL_2,LCM,M,200,BACK,13,false,false,3:31:11
LEVEL_2,LCM,M,200,BACK,12,false,false,3:41:50
LEVEL_2,LCM,M,200,BACK,11,false,false,3:54:30
LEVEL_2,LCM,M,200,BACK,10,true,false,3:59:54
LEVEL_2,LCM,M,50,BREAST,16,false,false,39:95
LEVEL_2,LCM,M,50,BREAST,15,false,false,40:04
LEVEL_2,LCM,M,50,BREAST,14,false,false,44:15
LEVEL_2,LCM,M,50,BREAST,13,false,false,45:79
LEVEL_2,LCM,M,50,BREAST,12,false,false,49:51
LEVEL_2,LCM,M,50,BREAST,11,false,false,54:00
LEVEL_2,LCM,M,50,BREAST,10,true,false,55:36
LEVEL_2,LCM,M,100,BREAST,16,false,false,1:31:03
LEVEL_2,LCM,M,100,BREAST,15,false,false,1:31:25
LEVEL_2,LCM,M,100,BREAST,14,false,false,1:39:82
LEVEL_2,LCM,M,100,BREAST,13,false,false,1:42:28
LEVEL_2,LCM,M,100,BREAST,12,false,false,1:50:34
LEVEL_2,LCM,M,100,BREAST,11,false,false,2:01:74
LEVEL_2,LCM,M,100,BREAST,10,true,false,2:04:72
LEVEL_2,LCM,M,200,BREAST,16,false,false,3:34:57
LEVEL_2,LCM,M,200,BREAST,15,false,false,3:38:27
LEVEL_2,LCM,M,200,BREAST,14,false,false,3:48:78
LEVEL_2,LCM,M,200,BREAST,13,false,false,3:56:69
LEVEL_2,LCM,M,200,BREAST,12,false,false,4:13:00
LEVEL_2,LCM,M,200,BREAST,11,false,false,4:35:50
LEVEL_2,LCM,M,200,BREAST,10,true,false,4:49:31
LEVEL_2,LCM,M,50,FLY,16,false,false,33:16
LEVEL_2,LCM,M,50,FLY,15,false,false,33:45
LEVEL_2,LCM,M,50,FLY,14,false,false,36:19
LEVEL_2,LCM,M,50,FLY,13,false,false,39:52
LEVEL_2,LCM,M,50,FLY,12,false,false,45:28
LEVEL_2,LCM,M,50,FLY,11,false,false,50:00
LEVEL_2,LCM,M,50,FLY,10,true,false,53:01
LEVEL_2,LCM,M,100,FLY,16,false,false,1:20:48
LEVEL_2,LCM,M,100,FLY,15,false,false,1:21:91
LEVEL_2,LCM,M,100,FLY,14,false,false,1:33:70
LEVEL_2,LCM,M,100,FLY,13,false,false,1:42:28
LEVEL_2,LCM,M,100,FLY,12,false,false,1:51:25
LEVEL_2,LCM,M,100,FLY,11,false,false,1:58:00
LEVEL_2,LCM,M,100,FLY,10,true,false,2:15:94
LEVEL_2,LCM,M,200,IM,16,false,false,2:45:64
LEVEL_2,LCM,M,200,IM,15,false,false,2:47:55
LEVEL_2,LCM,M,200,IM,14,false,false,2:55:30
LEVEL_2,LCM,M,200,IM,13,false,false,3:03:96
LEVEL_2,LCM,M,200,IM,12,false,false,3:23:04
LEVEL_2,LCM,M,200,IM,11,false,false,3:45:04
LEVEL_2,LCM,M,200,IM,10,true,false,3:55:80
LEVEL_2,SCM,F,50,FREE,16,false,false,32:70
LEVEL_2,SCM,F,50,FREE,15,false,false,32:83
LEVEL_2,SCM,F,50,FREE,14,false,false,32:96
LEVEL_2,SCM,F,50,FREE,13,false,false,33:19
LEVEL_2,SCM,F,50,FREE,12,false,false,34:83
LEVEL_2,SCM,F,50,FREE,11,false,false,37:40
LEVEL_2,SCM,F,50,FREE,10,true,false,38:92
LEVEL_2,SCM,F,100,FREE,16,false,false,1:12:85
LEVEL_2,SCM,F,100,FREE,15,false,false,1:13:61
LEVEL_2,SCM,F,100,FREE,14,false,false,1:14:48
LEVEL_2,SCM,F,100,FREE,13,false,false,1:16:25
LEVEL_2,SCM,F,100,FREE,12,false,false,1:19:63
LEVEL_2,SCM,F,100,FREE,11,false,false,1:24:58
LEVEL_2,SCM,F,100,FREE,10,true,false,1:30:85
LEVEL_2,SCM,F,200,FREE,16,false,false,2:46:70
LEVEL_2,SCM,F,200,FREE,15,false,false,2:47:14
LEVEL_2,SCM,F,200,FREE,14,false,false,2:47:54
LEVEL_2,SCM,F,200,FREE,13,false,false,2:47:94
LEVEL_2,SCM,F,200,FREE,12,false,false,2:56:16
LEVEL_2,SCM,F,200,FREE,11,false,false,3:17:83
LEVEL_2,SCM,F,200,FREE,10,true,false,3:35:04
LEVEL_2,SCM,F,50,BACK,16,false,false,40:31
LEVEL_2,SCM,F,50,BACK,15,false,false,40:41
LEVEL_2,SCM,F,50,BACK,14,false,false,40:51
LEVEL_2,SCM,F,50,BACK,13,false,false,40:96
LEVEL_2,SCM,F,50,BACK,12,false,false,42:50
LEVEL_2,SCM,F,50,BACK,11,false,false,45:56
LEVEL_2,SCM,F,50,BACK,10,true,false,48:47
LEVEL_2,SCM,F,100,BACK,16,false,false,1:27:30
LEVEL_2,SCM,F,100,BACK,15,false,false,1:27:52
LEVEL_2,SCM,F,100,BACK,14,false,false,1:27:74
LEVEL_2,SCM,F,100,BACK,13,false,false,1:28:66
LEVEL_2,SCM,F,100,BACK,12,false,false,1:32:59
LEVEL_2,SCM,F,100,BACK,11,false,false,1:39:61
LEVEL_2,SCM,F,100,BACK,10,true,false,1:47:80
LEVEL_2,SCM,F,200,BACK,16,false,false,3:18:29
LEVEL_2,SCM,F,200,BACK,15,false,false,3:18:87
LEVEL_2,SCM,F,200,BACK,14,false,false,3:19:46
LEVEL_2,SCM,F,200,BACK,13,false,false,3:20:36
LEVEL_2,SCM,F,200,BACK,12,false,false,3:33:71
LEVEL_2,SCM,F,200,BACK,11,false,false,3:47:33
LEVEL_2,SCM,F,200,BACK,10,true,false,4:03:88
LEVEL_2,SCM,F,50,BREAST,16,false,false,45:23
LEVEL_2,SCM,F,50,BREAST,15,false,false,45:35
LEVEL_2,SCM,F,50,BREAST,14,false,false,45:48
LEVEL_2,SCM,F,50,BREAST,13,false,false,45:79
LEVEL_2,SCM,F,50,BREAST,12,false,false,47:09
LEVEL_2,SCM,F,50,BREAST,11,false,false,50:65
LEVEL_2,SCM,F,50,BREAST,10,true,false,53:88
LEVEL_2,SCM,F,100,BREAST,16,false,false,1:40:63
LEVEL_2,SCM,F,100,BREAST,15,false,false,1:40:91
LEVEL_2,SCM,F,100,BREAST,14,false,false,1:41:34
LEVEL_2,SCM,F,100,BREAST,13,false,false,1:42:22
LEVEL_2,SCM,F,100,BREAST,12,false,false,1:44:23
LEVEL_2,SCM,F,100,BREAST,11,false,false,1:52:00
LEVEL_2,SCM,F,100,BREAST,10,true,false,2:00:92
LEVEL_2,SCM,F,200,BREAST,16,false,false,3:45:96
LEVEL_2,SCM,F,200,BREAST,15,false,false,3:46:68
LEVEL_2,SCM,F,200,BREAST,14,false,false,3:47:41
LEVEL_2,SCM,F,200,BREAST,13,false,false,3:54:84
LEVEL_2,SCM,F,200,BREAST,12,false,false,4:03:33
LEVEL_2,SCM,F,200,BREAST,11,false,false,4:18:43
LEVEL_2,SCM,F,200,BREAST,10,true,false,4:31:10
LEVEL_2,SCM,F,50,FLY,16,false,false,38:40
LEVEL_2,SCM,F,50,FLY,15,false,false,38:61
LEVEL_2,SCM,F,50,FLY,14,false,false,39:12
LEVEL_2,SCM,F,50,FLY,13,false,false,39:41
LEVEL_2,SCM,F,50,FLY,12,false,false,43:31
LEVEL_2,SCM,F,50,FLY,11,false,false,49:39
LEVEL_2,SCM,F,50,FLY,10,true,false,54:30
LEVEL_2,SCM,F,100,FLY,16,false,false,1:35:97
LEVEL_2,SCM,F,100,FLY,15,false,false,1:36:33
LEVEL_2,SCM,F,100,FLY,14,false,false,1:36:69
LEVEL_2,SCM,F,100,FLY,13,false,false,1:37:44
LEVEL_2,SCM,F,100,FLY,12,false,false,1:53:76
LEVEL_2,SCM,F,100,FLY,11,false,false,1:59:85
LEVEL_2,SCM,F,100,FLY,10,true,false,2:14:10
LEVEL_2,SCM,F,200,IM,16,false,false,3:08:45
LEVEL_2,SCM,F,200,IM,15,false,false,3:08:90
LEVEL_2,SCM,F,200,IM,14,false,false,3:09:58
LEVEL_2,SCM,F,200,IM,13,false,false,3:14:15
LEVEL_2,SCM,F,200,IM,12,false,false,3:27:00
LEVEL_2,SCM,F,200,IM,11,false,false,3:37:74
LEVEL_2,SCM,F,200,IM,10,true,false,4:00:86
LEVEL_2,SCM,M,50,FREE,16,false,false,27:46
LEVEL_2,SCM,M,50,FREE,15,false,false,28:12
LEVEL_2,SCM,M,50,FREE,14,false,false,29:46
LEVEL_2,SCM,M,50,FREE,13,false,false,31:55
LEVEL_2,SCM,M,50,FREE,12,false,false,34:32
LEVEL_2,SCM,M,50,FREE,11,false,false,36:25
LEVEL_2,SCM,M,50,FREE,10,true,false,38:13
LEVEL_2,SCM,M,100,FREE,16,false,false,1:03:87
LEVEL_2,SCM,M,100,FREE,15,false,false,1:04:56
LEVEL_2,SCM,M,100,FREE,14,false,false,1:06:67
LEVEL_2,SCM,M,100,FREE,13,false,false,1:10:91
LEVEL_2,SCM,M,100,FREE,12,false,false,1:17:35
LEVEL_2,SCM,M,100,FREE,11,false,false,1:24:97
LEVEL_2,SCM,M,100,FREE,10,true,false,1:29:53
LEVEL_2,SCM,M,200,FREE,16,false,false,2:28:00
LEVEL_2,SCM,M,200,FREE,15,false,false,2:30:02
LEVEL_2,SCM,M,200,FREE,14,false,false,2:34:23
LEVEL_2,SCM,M,200,FREE,13,false,false,2:44:25
LEVEL_2,SCM,M,200,FREE,12,false,false,3:05:48
LEVEL_2,SCM,M,200,FREE,11,false,false,3:32:33
LEVEL_2,SCM,M,200,FREE,10,true,false,3:35:80
LEVEL_2,SCM,M,50,BACK,16,false,false,34:98
LEVEL_2,SCM,M,50,BACK,15,false,false,35:61
LEVEL_2,SCM,M,50,BACK,14,false,false,37:62
LEVEL_2,SCM,M,50,BACK,13,false,false,40:51
LEVEL_2,SCM,M,50,BACK,12,false,false,42:69
LEVEL_2,SCM,M,50,BACK,11,false,false,46:63
LEVEL_2,SCM,M,50,BACK,10,true,false,47:97
LEVEL_2,SCM,M,100,BACK,16,false,false,1:21:38
LEVEL_2,SCM,M,100,BACK,15,false,false,1:22:42
LEVEL_2,SCM,M,100,BACK,14,false,false,1:26:17
LEVEL_2,SCM,M,100,BACK,13,false,false,1:29:52
LEVEL_2,SCM,M,100,BACK,12,false,false,1:34:25
LEVEL_2,SCM,M,100,BACK,11,false,false,1:45:85
LEVEL_2,SCM,M,100,BACK,10,true,false,1:47:49
LEVEL_2,SCM,M,200,BACK,16,false,false,3:01:34
LEVEL_2,SCM,M,200,BACK,15,false,false,3:01:64
LEVEL_2,SCM,M,200,BACK,14,false,false,3:19:63
LEVEL_2,SCM,M,200,BACK,13,false,false,3:28:71
LEVEL_2,SCM,M,200,BACK,12,false,false,3:39:10
LEVEL_2,SCM,M,200,BACK,11,false,false,3:51:90
LEVEL_2,SCM,M,200,BACK,10,true,false,3:57:14
LEVEL_2,SCM,M,50,BREAST,16,false,false,38:95
LEVEL_2,SCM,M,50,BREAST,15,false,false,39:04
LEVEL_2,SCM,M,50,BREAST,14,false,false,43:15
LEVEL_2,SCM,M,50,BREAST,13,false,false,44:79
LEVEL_2,SCM,M,50,BREAST,12,false,false,48:51
LEVEL_2,SCM,M,50,BREAST,11,false,false,53:00
LEVEL_2,SCM,M,50,BREAST,10,true,false,54:36
LEVEL_2,SCM,M,100,BREAST,16,false,false,1:29:03
LEVEL_2,SCM,M,100,BREAST,15,false,false,1:29:25
LEVEL_2,SCM,M,100,BREAST,14,false,false,1:37:82
LEVEL_2,SCM,M,100,BREAST,13,false,false,1:40:28
LEVEL_2,SCM,M,100,BREAST,12,false,false,1:48:34
LEVEL_2,SCM,M,100,BREAST,11,false,false,1:59:74
LEVEL_2,SCM,M,100,BREAST,10,true,false,2:02:72
LEVEL_2,SCM,M,200,BREAST,16,false,false,3:30:57
LEVEL_2,SCM,M,200,BREAST,15,false,false,3:34:27
LEVEL_2,SCM,M,200,BREAST,14,false,false,3:44:78
LEVEL_2,SCM,M,200,BREAST,13,false,false,3:52:69
LEVEL_2,SCM,M,200,BREAST,12,false,false,4:09:00
LEVEL_2,SCM,M,200,BREAST,11,false,false,4:31:50
LEVEL_2,SCM,M,200,BREAST,10,true,false,4:45:31
LEVEL_2,SCM,M,50,FLY,16,false,false,32:46
LEVEL_2,SCM,M,50,FLY,15,false,false,32:75
LEVEL_2,SCM,M,50,FLY,14,false,false,35:49
LEVEL_2,SCM,M,50,FLY,13,false,false,38:82
LEVEL_2,SCM,M,50,FLY,12,false,false,44:58
LEVEL_2,SCM,M,50,FLY,11,false,false,49:30
LEVEL_2,SCM,M,50,FLY,10,true,false,52:31
LEVEL_2,SCM,M,100,FLY,16,false,false,1:19:08
LEVEL_2,SCM,M,100,FLY,15,false,false,1:20:51
LEVEL_2,SCM,M,100,FLY,14,false,false,1:32:30
LEVEL_2,SCM,M,100,FLY,13,false,false,1:40:88
LEVEL_2,SCM,M,100,FLY,12,false,false,1:49:85
LEVEL_2,SCM,M,100,FLY,11,false,false,1:56:60
LEVEL_2,SCM,M,100,FLY,10,true,false,2:14:54
LEVEL_2,SCM,M,200,IM,16,false,false,2:42:44
LEVEL_2,SCM,M,200,IM,15,false,false,2:44:35
LEVEL_2,SCM,M,200,IM,14,false,false,2:52:10
LEVEL_2,SCM,M,200,IM,13,false,false,3:00:76
LEVEL_2,SCM,M,200,IM,12,false,false,3:19:84
LEVEL_2,SCM,M,200,IM,11,false,false,3:41:84
LEVEL_2,SCM,M,200,IM,10,true,false,3:52:60
